Time,Baroreceptor.Output,Sns.Output
4.9999999999999485,35.28146230292373,15.525141329972183
5.049999999999921,35.29066001566008,15.702504186296286
5.099999999999893,35.231551681236255,15.936133159850828
5.149999999999865,35.14338477232578,16.108765732363473
5.199999999999838,35.20606863088665,16.279598125033793
5.24999999999981,35.70974307568732,16.509336086448883
5.299999999999782,36.090168866531236,16.683943139020982
5.3499999999997545,36.391143779930744,16.859932896128182
5.399999999999727,36.6663107652426,17.095442807283817
5.449999999999699,36.78563575142606,17.271813492307917
5.499999999999671,36.83985960921343,17.447276378117003
5.549999999999644,36.826705151913366,17.67892673018169
5.599999999999616,36.763826440286074,17.850390701721047
5.649999999999588,36.66383260511581,18.019525104454033
5.6999999999995605,36.768355002564796,18.24232717517575
5.749999999999533,37.141202295375585,18.410753889258928
5.799999999999505,37.51330410047339,18.581086651763396
5.849999999999477,37.88823697673395,18.81019358837826
5.89999999999945,38.07485758129527,18.982550853049645
5.949999999999422,38.18695929107245,19.154584637524625
5.999999999999394,38.23560924515194,19.382410050747723
6.0499999999993666,38.20839460362726,19.55144998040476
6.099999999999339,38.13611194502491,19.718453702393763
6.149999999999311,37.98246108036928,19.93737893751864
6.199999999999283,38.06034925077234,20.099413215934174
6.249999999999256,38.41156783244127,20.262625636671366
6.299999999999228,38.88238391611471,20.483052071706553
6.3499999999992,39.14584923658086,20.649782363202686
6.399999999999173,39.32812083157736,20.816891901968567
6.449999999999145,39.45555744922544,21.039097446198372
6.499999999999117,39.475780348559425,21.204509019107213
6.549999999999089,39.441670884330875,21.368286471156484
6.599999999999062,39.326437064497256,21.58339843424884
6.649999999999034,39.19734722672626,21.74185576975966
6.699999999999006,39.2195055617778,21.89827653708668
6.749999999998979,39.67007706699871,22.108439284038685
6.799999999998951,40.01108116203242,22.268105780539603
6.849999999998923,40.27232755216228,22.428933350839834
6.8999999999988955,40.49464997375765,22.643884810896942
6.949999999998868,40.574850557931974,22.80458629990189
6.99999999999884,40.590616248187104,22.964173418997014
7.049999999998812,40.52738259556894,23.174349483325013
7.099999999998785,40.42787027568418,23.329489272642018
7.149999999998757,40.29201152627372,23.482121883780724
7.199999999998729,40.349540429379246,23.68265868972495
7.2499999999987015,40.68770505845151,23.834195078889998
7.299999999998674,41.0254124804737,23.987480129011235
7.349999999998646,41.35429002386868,24.193613383811993
7.399999999998618,41.5065102186706,24.348559896958534
7.449999999998591,41.58457426238873,24.503032534310815
7.499999999998563,41.588640186365375,24.70721877556132
7.549999999998535,41.52867161775075,24.85836935856695
7.5999999999985075,41.42423792459646,25.00735396683941
7.64999999999848,41.22862851448511,25.20206304628279
7.699999999998452,41.27576269874022,25.34580170151907
7.749999999998424,41.596450320166426,25.4906069118455
7.799999999998397,42.02696540415953,25.68632491839622
7.849999999998369,42.260195461105894,25.834401425853258
7.899999999998341,42.41237733741388,25.982754023947063
7.9499999999983135,42.50016211525597,26.17979538579377
7.999999999998286,42.49111378980196,26.326223091549384
8.049999999998347,42.42818222790991,26.470927042027668
8.099999999998408,42.275231988506796,26.660476716833525
8.14999999999847,42.11837605832479,26.799670355485503
8.19999999999853,42.113175245685085,26.93675373429827
8.249999999998591,42.52778974343879,27.12102482211126
8.299999999998652,42.842092518295296,27.26119566768523
8.349999999998714,43.0766892574696,27.40246320813102
8.399999999998775,43.26372286477648,27.591237327912754
8.449999999998836,43.317753766165076,27.73223615405445
8.499999999998897,43.30766794878436,27.872064460160452
8.549999999998958,43.210505455909434,28.055814231666254
8.599999999999019,43.085958619923524,28.19107810003216
8.64999999999908,42.92541121998235,28.323790580280207
8.699999999999141,42.95059379944169,28.497704952671988
8.749999999999202,43.26481143610329,28.629231527268303
8.799999999999264,43.5787744413533,28.76247277472823
8.849999999999325,43.87615117070782,28.941830431558607
8.899999999999386,44.004932992162765,29.07665931370762
8.949999999999447,44.0597779892409,29.210985807121908
8.999999999999508,44.03328411342604,29.388270424585134
9.049999999999569,43.95071555679593,29.51921814711239
9.09999999999963,43.823959777024015,29.647980050541403
9.149999999999691,43.599011932035246,29.815699221906645
9.199999999999752,43.62455460327473,29.939179902007588
9.249999999999813,43.923818174421186,30.063715922774694
9.299999999999875,44.326055218652066,30.232394398616854
9.349999999999936,44.538224572838566,30.360182491756042
9.399999999999997,44.6695037722931,30.4882406695418
9.450000000000058,44.72971517078061,30.65821635914399
9.500000000000119,44.7002343360868,30.784342416573732
9.55000000000018,44.61709255127973,30.90874487254278
9.600000000000241,44.437543436522134,31.071229592493957
9.650000000000302,44.26099563016457,31.190129845910434
9.700000000000363,44.23635487531409,31.3069267201256
9.750000000000425,44.62536194555487,31.46416317205604
9.800000000000486,44.92065348636483,31.584070563670362
9.850000000000547,45.136372491656296,31.705086681441042
9.900000000000608,45.298471138347196,31.866879676571774
9.950000000000669,45.33399743737711,31.98765997716188
10.00000000000073,45.305586824355444,32.107286208828484
10.050000000000791,45.18427848615102,32.26412806002344
10.100000000000852,45.04183825350663,32.37923406534679
10.150000000000913,44.863580407261466,32.491810099051676
10.200000000000975,44.86547840303128,32.63891200957927
10.250000000001036,45.162428946405676,32.75035822738774
10.300000000001097,45.459275836225146,32.86354528395261
10.350000000001158,45.73404114511512,33.01620645259847
10.400000000001219,45.84603047289149,33.1310460943428
10.45000000000128,45.88423328536265,33.24541292792819
10.500000000001341,45.83579134154722,33.396132606352985
10.550000000001402,45.73694522163403,33.50719404461265
10.600000000001463,45.59406896290837,33.61610298619458
10.650000000001524,45.347868934889185,33.75740527847672
10.700000000001586,45.35769395610157,33.86111528067637
10.750000000001647,45.641373256934294,33.96591776110683
10.800000000001708,46.02304480832894,34.108344214315764
10.850000000001769,46.219941887980745,34.21648890119076
10.90000000000183,46.33608097381423,34.324943684580056
10.950000000001891,46.376315271553764,34.46884521251469
11.000000000001952,46.33201074202541,34.57546452630539
11.050000000002013,46.23418201936793,34.68040307879651
11.100000000002074,46.035262021159355,34.81700401709321
11.150000000002136,45.84434335133866,34.916543565676214
11.200000000002197,45.80548294616563,35.01402539146048
11.250000000002258,46.17573733415695,35.14558098320553
11.300000000002319,46.45710971813589,35.24628304408479
11.35000000000238,46.659031508928486,35.34814199508403
11.400000000002441,46.802922972160324,35.4844681610291
11.450000000002502,46.82493565902907,35.58620622915901
11.500000000002563,46.783132738392084,35.686840563425406
11.550000000002624,46.64415581728809,35.81843927810398
11.600000000002685,46.488604029082346,35.91467328028927
11.650000000002747,46.2973534709484,36.0084297118238
11.700000000002808,46.28212903786965,36.130521460828746
11.750000000002869,46.566373975260355,36.223272861164055
11.80000000000293,46.850628405250134,36.31781951851385
11.850000000002991,47.108779057188,36.445712380363595
11.900000000003052,47.20843702061062,36.54204061966733
11.950000000003113,47.23441829327458,36.63795216277394
12.000000000003174,47.16985016249143,36.76415289369556
12.050000000003235,47.059035189889556,36.856891799985206
12.100000000003297,46.90429697181683,36.94753586196312
12.150000000003358,46.64244582707344,37.06457541626193
12.200000000003419,46.64066623112814,37.15015680393814
12.25000000000348,46.91284359108266,37.23688983005166
12.300000000003541,47.27933877198065,37.355316366337966
12.350000000003602,47.4649737207013,37.445531138664435
12.400000000003663,47.569951780110685,37.5361164442481
12.450000000003724,47.595459348569186,37.65628662656797
12.500000000003785,47.54022417682041,37.74517883776796
12.550000000003847,47.43156178513832,37.832451853755046
12.600000000003908,47.21834630923677,37.94559505179292
12.650000000003969,47.0168171052493,38.027613916949456
12.70000000000403,46.96744565323784,38.1076376522399
12.750000000004091,47.32383267151498,38.216013704430544
12.800000000004152,47.59491303986081,38.29940488884369
12.850000000004213,47.78663646838734,38.38401650554256
12.900000000004274,47.917072845155765,38.497445516144815
12.950000000004335,47.92909926718696,38.58208549694824
13.000000000004396,47.877398755730425,38.66568609015796
13.050000000004458,47.72536132991557,38.77467360990091
13.100000000004519,47.560115346244864,38.85402482167093
13.15000000000458,47.35925653991837,38.930963481346396
13.200000000004641,47.33135785524812,39.03073301385008
13.250000000004702,47.60619640718446,39.10681911532639
13.300000000004763,47.88112876431675,39.18476611186734
13.350000000004824,48.126981811785484,39.29062849395701
13.400000000004885,48.217513539458835,39.37051088242623
13.450000000004946,48.23445014330954,39.4500427430591
13.500000000005008,48.15794740978955,39.55450705124514
13.550000000005069,48.03827404670941,39.63102116115759
13.60000000000513,47.8747559546891,39.70550699632785
13.65000000000519,47.60131932781677,39.80110597840924
13.700000000005252,47.590942334562925,39.87068486541458
13.750000000005313,47.854599360219694,39.941482303006666
13.800000000005374,48.20985281406501,40.038765613935304
13.850000000005435,48.38714578122834,40.11320124913129
13.900000000005496,48.483857067155796,40.188074602574325
13.950000000005558,48.49845722471832,40.2874001357353
14.000000000005619,48.435126441597426,40.36073739413031
14.05000000000568,48.31844036011926,40.432522821331865
14.10000000000574,48.094637349317715,40.52512075216749
14.150000000005802,47.885249752459764,40.59180934404197
14.200000000005863,47.828090666994505,40.65657027374161
14.250000000005924,48.17420250397345,40.744700913260935
14.300000000005985,48.43765711485922,40.81298680129534
14.350000000006046,48.6218239578132,40.88256065049003
14.400000000006107,48.74229070087081,40.9760443629615
14.450000000006169,48.7469179858695,41.04580416133059
14.50000000000623,48.68788433836385,41.11459209544823
14.55000000000629,48.52617085697606,41.20393440750429
14.600000000006352,48.35374313472157,41.26863043513443
14.650000000006413,48.1457665170399,41.330981353252064
14.700000000006474,48.10847642964993,41.41140541543243
14.750000000006535,48.376344934473586,41.47306100704484
14.800000000006596,48.64436980868779,41.536644811029994
14.850000000006657,48.881109981646695,41.62346091173916
14.900000000006719,48.964878810701606,41.689137007589956
14.95000000000678,48.97511312256665,41.75452972879703
15.00000000000684,48.889767058154064,41.84024620181546
15.050000000006902,48.76353019278282,41.90277760874969
15.100000000006963,48.59350712500108,41.963347664436334
15.150000000007024,48.31148735709491,42.04049624098729
15.200000000007085,48.2947399331859,42.096315190207385
15.250000000007146,48.552083757765146,42.15341934064053
15.300000000007207,48.899007662992844,42.23254845859327
15.350000000007268,49.070119215547834,42.29344597465385
15.40000000000733,49.160704696863284,42.354847554323484
15.45000000000739,49.16722247052053,42.43631375216901
15.500000000007452,49.09789313755334,42.496333644152834
15.550000000007513,48.975262109583575,42.554867698200106
15.600000000007574,48.74361503209252,42.62989958986827
15.650000000007635,48.52840567540042,42.68349034324211
15.700000000007696,48.46547686933394,42.73521903464402
15.750000000007757,48.80397603437533,42.80607518715719
15.800000000007818,49.06178090111679,42.861481418401716
15.85000000000788,49.24034891343834,42.918240790220366
15.90000000000794,49.353428767311556,42.994739695431164
15.950000000008002,49.35257383010837,43.05183658410449
16.00000000000806,49.288107055417846,43.10802633533726
16.050000000007945,49.119224955979014,43.18067150855906
16.100000000007828,48.941476856223275,43.23291982105413
16.15000000000771,48.728227460164526,43.28288726313242
16.200000000007595,48.68398022905642,43.34689968778524
16.25000000000748,48.946685402424336,43.39632109926587
16.300000000007362,49.20959329143937,43.447734447693804
16.350000000007245,49.439582365333656,43.51842212874145
16.40000000000713,49.51834091802503,43.572075842642306
16.450000000007012,49.523609901709804,43.62550937116569
16.500000000006896,49.43171255320616,43.695378260475465
16.55000000000678,49.30061354608342,43.74609726534008
16.600000000006663,49.125771880280496,43.794917544832145
16.650000000006546,48.83739437876043,43.85649687089978
16.70000000000643,48.815928309179974,43.900711491589
16.750000000006313,49.06859586273958,43.94627335317574
16.800000000006197,49.409349961516114,44.010108948814214
16.85000000000608,49.57588265741204,44.05960823616434
16.900000000005964,49.6619304030072,44.10967302403668
16.950000000005847,49.662461133430604,44.1761187484793
17.00000000000573,49.588688468989105,44.22494447988605
17.050000000005614,49.46165393859194,44.27234518746788
17.100000000005497,49.22419685693872,44.3326268874864
17.15000000000538,49.00467553906027,44.375225450707184
17.200000000005264,48.93747336150231,44.41602212519776
17.250000000005148,49.270334235946926,44.472395520017244
17.30000000000503,49.52395463968086,44.5170093770002
17.350000000004915,49.698375773989895,44.56303589281202
17.4000000000048,49.80598431157071,44.62531656328585
17.45000000000468,49.80106882388177,44.67181869591809
17.500000000004565,49.73257792167469,44.71747254103747
17.55000000000445,49.558386401630436,44.77616103233289
17.600000000004332,49.37669787628061,44.81800996290146
17.650000000004216,49.15954339028232,44.85763619124376
17.7000000000041,49.110143717818694,44.90795045674323
17.750000000003983,49.36902497853183,44.94716557352215
17.800000000003866,49.628143271929765,44.98843010221778
17.85000000000375,49.853132419765565,45.04567506680756
17.900000000003633,49.92818027592879,45.08931325277868
17.950000000003516,49.92977186100927,45.132788026386386
18.0000000000034,49.8330225862153,45.18946652204425
18.050000000003283,49.69832270116163,45.230358414734724
18.100000000003167,49.519912459411266,45.26940764383882
18.15000000000305,49.2268266033223,45.31804573835558
18.200000000002934,49.20186614743723,45.35261928212278
18.250000000002817,49.451070679411764,45.38859540922524
18.3000000000027,49.7872557096973,45.4397357388219
18.350000000002584,49.95039746614719,45.47977757960337
18.400000000002468,50.0330847034421,45.520439538244545
18.45000000000235,50.0291816185188,45.57443273932607
18.500000000002235,49.95211838694704,45.613982230723344
18.550000000002118,49.82182281461883,45.652160584874416
18.600000000002,49.58006314650455,45.70022925659098
18.650000000001885,49.35734865069698,45.733730344774905
18.70000000000177,49.28698191917387,45.76548269525602
18.750000000001652,49.61566750595731,45.80987928779857
18.800000000001535,49.866189211604,45.84557197800896
18.85000000000142,50.03753945248866,45.882729738877
18.900000000001302,50.14109628819806,45.9332665480346
18.950000000001186,50.13317382176564,45.97102135514859
19.00000000000107,50.06170292436594,46.00797954477554
19.050000000000953,49.88357963331562,46.05515381894881
19.100000000000836,49.69897313572603,46.08842679005831
19.15000000000072,49.478926861587055,46.11952798516102
19.200000000000603,49.42571177097605,46.15855437191511
19.250000000000487,49.68176140808387,46.18936241392858
19.30000000000037,49.938073487080054,46.22227004883991
19.350000000000254,50.159360142291945,46.26845016109315
19.400000000000137,50.23166018388915,46.30384767237439
19.45000000000002,50.230528612036046,46.339131206671304
19.499999999999904,50.13018643684726,46.38496456283893
19.549999999999788,49.99282007463942,46.417779695744315
19.59999999999967,49.81176728458726,46.44880085510488
19.649999999999554,49.51519488220073,46.48681021046096
19.699999999999438,49.48764686522255,46.51346842560716
19.74999999999932,49.73428705589367,46.54157716945678
19.799999999999205,50.06708872285108,46.58230185081474
19.84999999999909,50.227719504356806,46.61458731344654
19.899999999998972,50.3079182969602,46.64754009612746
19.949999999998855,50.30073198650781,46.691327436874296
19.99999999999874,50.221232103239224,46.723277025508196
20.049999999998622,50.08852174590161,46.75390193795574
20.099999999998506,49.84357604044375,46.79197124339703
20.14999999999839,49.61849702172308,46.81802643663795
20.199999999998273,49.54578697953631,46.84237861462239
20.249999999998156,49.87138082723386,46.876979052260594
20.29999999999804,50.119607991199835,46.90537739654871
20.349999999997923,50.28868427658327,46.93528579826561
20.399999999997807,50.389240878472044,46.976226394368496
20.44999999999769,50.37909178173642,47.006835956326945
20.499999999997573,50.30541423536001,47.03669315542973
20.549999999997457,50.12437951873733,47.07446790452179
20.59999999999734,49.937612301853655,47.10074229536003
20.649999999997224,49.71542469868384,47.12488843667384
20.699999999997107,49.65938435929409,47.15470875013681
20.74999999999699,49.913337231408605,47.178662454470334
20.799999999996874,50.16757135978781,47.20475855430612
20.849999999996758,50.38611638591732,47.241922827872564
20.89999999999664,50.45638171959061,47.27060783650655
20.949999999996525,50.45323369778109,47.29922095157203
20.999999999996408,50.35023104220966,47.33622550739349
21.04999999999629,50.21089019965303,47.362467581325895
21.099999999996175,50.02788064803046,47.386957051089844
21.14999999999606,49.728726518018924,47.416321470974495
21.199999999995942,49.69926246533474,47.43654369692146
21.249999999995826,49.944003812895524,47.458257112282055
21.29999999999571,50.2743001667593,47.4905175735089
21.349999999995593,50.433071621934275,47.516501761035535
21.399999999995476,50.511427771345026,47.54319322633548
21.44999999999536,50.50181029776527,47.57869393794148
21.499999999995243,50.420506121660196,47.6044746292027
21.549999999995126,50.28600766263064,47.62896990504139
21.59999999999501,50.03870275698173,47.658927074762495
21.649999999994893,49.81187285323551,47.67894343242687
21.699999999994777,49.737427636860836,47.69729534490373
21.74999999999466,50.06073211500639,47.72395507051464
21.799999999994544,50.307260217530285,47.746442346182135
21.849999999994427,50.47465268599592,47.77047756510786
21.89999999999431,50.57298767723357,47.803645831870284
21.949999999994194,50.561189806727825,47.82846981912673
21.999999999994078,50.48587828167062,47.852578651835415
22.04999999999396,50.302687712411455,47.88274644310415
22.099999999993845,50.11432052501842,47.90335850281895
22.149999999993728,49.890547308727776,47.9218788507389
22.19999999999361,49.83241492924254,47.944254597574975
22.249999999993495,50.08481518883493,47.962666987331744
22.29999999999338,50.337510636274956,47.983257646828726
22.349999999993262,50.554025542143656,48.01313679612979
22.399999999993145,50.6227842165344,48.03639930349408
22.44999999999303,50.61814305483723,48.05962513528065
22.499999999992912,50.51317036716559,48.08950109259229
22.549999999992796,50.37236746089367,48.110437299725355
22.59999999999268,50.187908965244496,48.12965547187812
22.649999999992563,49.88684311491372,48.15204493546018
22.699999999992446,49.85596027502658,48.167075775192764
22.74999999999233,50.09929556606823,48.18363173227741
22.799999999992213,50.42773678405753,48.209068029437745
22.849999999992097,50.58513144488318,48.229973182739585
22.89999999999198,50.662123153738435,48.25161890816145
22.949999999991864,50.65070545206373,48.28044343199271
22.999999999991747,50.56806523238228,48.301255338102905
23.04999999999163,50.4322427184481,48.320814497338766
23.099999999991514,50.1831908695499,48.34424067426311
23.149999999991397,49.95506446783028,48.35939641903357
23.19999999999128,49.87933438738006,48.372919769249506
23.249999999991164,50.20094362997077,48.39319095076353
23.299999999991048,50.44621360909769,48.410923735337576
23.34999999999093,50.61235924303371,48.430235903836916
23.399999999990815,50.709049174008086,48.45715536425877
23.4499999999907,50.69603041788682,48.47732895834311
23.49999999999058,50.61950896238384,48.49681823660873
23.549999999990465,50.43472202421226,48.520874284024096
23.59999999999035,50.24517008782066,48.53693805146263
23.649999999990232,50.02022275351096,48.55094035199295
23.699999999990116,49.960541255861564,48.567338778172505
23.74999999999,50.21179183358756,48.581303006558834
23.799999999989883,50.46334791526223,48.59747516386582
23.849999999989766,50.67835955394869,48.621508812571115
23.89999999998965,50.74600257469612,48.640421346632905
23.949999999989533,50.740255770153794,48.659326286759196
23.999999999989416,50.63382430932723,48.683485996708605
24.0499999999893,50.491938770979424,48.70016850305313
24.099999999989183,50.30640735785157,48.71516148673174
24.149999999989067,50.003925911923865,48.73196142584165
24.19999999998895,49.97199248455377,48.74283294913549
24.249999999988834,50.21428661500904,48.75525754099464
24.299999999988717,50.54135413691094,48.775228542791865
24.3499999999886,50.69772930560304,48.79206690326926
24.399999999988484,50.77371067020892,48.80967323421035
24.449999999988368,50.76095993121425,48.833154234591376
24.49999999998825,50.67733039454626,48.849990038207814
24.549999999988135,50.54052744084282,48.86559994866687
24.599999999988018,50.29018201035974,48.883801953489304
24.6499999999879,50.06109557385403,48.89507048028846
24.699999999987785,49.984414073193875,48.90473292986241
24.74999999998767,50.304768022279255,48.91989690667575
24.799999999987552,50.54910638213841,48.9338295794443
24.849999999987435,50.71432875620776,48.94936742530531
24.89999999998732,50.80980054802173,48.97129430103731
24.949999999987202,50.795877746833256,48.98775313852152
24.999999999987086,50.718460358295744,49.00355292940092
25.04999999998697,50.532491335760376,49.02272870122982
25.099999999986853,50.3420621124916,49.03516134365533
25.149999999986736,50.116245363247494,49.04555727662093
25.19999999998662,50.055416769056855,49.057185461798866
25.249999999986503,50.30581602619879,49.06760050040078
25.299999999986387,50.556528426204885,49.08024772176413
25.34999999998627,50.77042692036079,49.099618925789834
25.399999999986154,50.83724381806264,49.11506253608728
25.449999999986037,50.83067830329514,49.13052231080381
25.49999999998592,50.72316664501861,49.15012517022777
25.549999999985804,50.58047943540303,49.16341737664909
25.599999999985688,50.39415354443212,49.17504333135664
25.64999999998557,50.09062387300746,49.187389847854035
25.699999999985454,50.05791250252591,49.19494807978225
25.749999999985338,50.29943567036116,49.20408217186511
25.79999999998522,50.62548599247973,49.21970104845199
25.849999999985105,50.781106243773245,49.233301537578825
25.89999999998499,50.85633946487099,49.24769231738485
25.949999999984872,50.84260163338462,49.26692039495371
25.999999999984755,50.75823952352013,49.28059218526229
26.04999999998464,50.620710570017145,49.29305993919214
26.099999999984522,50.36940726321659,49.307106163871005
26.149999999984406,50.13960993637471,49.315282999823886
26.19999999998429,50.06222392425582,49.321875159773704
26.249999999984173,50.38164834852225,49.332978474405614
26.299999999984056,50.62529685917957,49.34389026940697
26.34999999998394,50.78983557408645,49.35642819098608
26.399999999983823,50.88440535336535,49.374387532545526
26.449999999983707,50.869813121285716,49.387894821949835
26.49999999998359,50.79173230867404,49.40076357825331
26.549999999983473,50.60488797155392,49.41606298843379
26.599999999983357,50.41380913134363,49.42561195484978
26.64999999998324,50.18734859418435,49.433144293017335
26.699999999983124,50.125670593183806,49.44098536775859
26.749999999983007,50.375439460911075,49.44858317035401
26.79999999998289,50.625527128002574,49.458432812249384
26.849999999982774,50.83860135628906,49.474104269601604
26.899999999982658,50.90480652298971,49.48679567714211
26.94999999998254,50.89763476629752,49.49952248851404
26.999999999982425,50.789323238948995,49.515511111119835
27.049999999982308,50.6460424044696,49.5261147663496
27.09999999998219,50.45912821524164,49.53507099962372
27.149999999982075,50.15482234942613,49.54388696845903
27.19999999998196,50.121534924325005,49.54881894389467
27.249999999981842,50.362487206492645,49.555345206984406
27.299999999981726,50.68778430820953,49.5675154372343
27.34999999998161,50.84284555508035,49.578550632261226
27.399999999981492,50.91752478771899,49.59039415052443
27.449999999981376,50.90305602982455,49.60625372776758
27.49999999998126,50.81815146107069,49.61741987835666
27.549999999981143,50.68008491617208,49.627399637417305
27.599999999981026,50.42807231706767,49.63815578462559
27.64999999998091,50.19774858714084,49.64388535124992
27.699999999980793,50.11984089537129,49.648047506168055
27.749999999980677,50.43857702112543,49.65593747482081
27.79999999998056,50.68171470929811,49.66445911064252
27.849999999980444,50.84574718534914,49.67462376385512
27.899999999980327,50.93964903853726,49.68944483098355
27.94999999998021,50.92456110341631,49.70061783458149
27.999999999980094,50.84598903571732,49.711168829392385
28.049999999979978,50.65849654192112,49.72340340778835
28.09999999997986,50.46693667058764,49.73067274817641
28.149999999979745,50.23999941860697,49.735941625028545
28.199999999979628,50.177692445207605,49.74078971238814
28.24999999997951,50.42699451947486,49.74616135803149
28.299999999979395,50.67661958165667,49.75380065489705
28.34999999997928,50.88908345401384,49.76654940129773
28.399999999979162,50.954835643517164,49.777066952860174
28.449999999979045,50.94721497420359,49.78763537410883
28.49999999997893,50.83831115637487,49.800770024099414
28.549999999978812,50.69459075201236,49.80925097852884
28.599999999978696,50.50724093717101,49.816099637423704
28.64999999997858,50.20236031160958,49.82212886336963
28.699999999978463,50.168646327105975,49.82498816939468
28.749999999978346,50.40917587740041,49.82945655660556
28.79999999997823,50.73391523123728,49.838905794167296
28.849999999978113,50.88856254410911,49.847917249095126
28.899999999977997,50.962831556990714,49.857751494355966
28.94999999997788,50.947821559566954,49.87095437827356
28.999999999977764,50.86251530852394,49.880144637405756
29.049999999977647,50.72405068564043,49.88816265203506
29.09999999997753,50.471512866727764,49.89632498272527
29.149999999977414,50.24079934358779,49.900125446972474
29.199999999977297,50.16250535622947,49.90237233274089
29.24999999997718,50.48073180774377,49.90772996700828
29.299999999977064,50.72349123988846,49.914368250774466
29.349999999976948,50.88714885401482,49.92266307754306
29.39999999997683,50.98055611841854,49.935011925220515
29.449999999976715,50.965101122978204,49.944346308827576
29.4999999999766,50.886165288601134,49.95307190773431
29.54999999997648,50.69819284496642,49.96289304148695
29.599999999976365,50.506276777643166,49.968367495889076
29.64999999997625,50.27898652582777,49.971854415317196
29.699999999976132,50.21621380824725,49.97434651938096
29.749999999976016,50.465170229290216,49.97796603487744
29.7999999999759,50.714452739803555,49.98386584054223
29.849999999975783,50.9264646531809,49.994314777796745
29.899999999975666,50.99188142018313,50.00312199647617
29.94999999997555,50.9839283381235,50.01199243999022
29.999999999975433,50.87458593849743,50.022882193644826
30.049999999975316,50.73054003954228,50.029693673167635
30.0999999999752,50.542867650779264,50.03488493423401
30.149999999975083,50.23756142465907,50.03872294076971
30.199999999974967,50.20353157962123,50.03995270956284
30.24999999997485,50.44374810360675,50.04280336418659
30.299999999974734,50.76807445390354,50.05011384843275
30.349999999974617,50.922415255152735,50.05753480218642
30.3999999999745,50.9963805067491,50.06579008403151
30.449999999974384,50.98096972995748,50.076905494550175
30.499999999974268,50.89536603949111,50.08454340533403
30.54999999997415,50.756606646115785,50.091020347944216
30.599999999974035,50.50367991019065,50.09714532322843
30.649999999973918,50.27267775130424,50.09943072680758
30.6999999999738,50.194097718135176,50.10017357217595
30.749999999973685,50.51194676388754,50.10354283096425
30.79999999997357,50.75442610339011,50.108702494386726
30.849999999973452,50.9178061381536,50.11552947029761
30.899999999973335,51.01084716733622,50.125937807820264
30.94999999997322,50.99512036949887,50.13382918154644
30.999999999973102,50.91591517161486,50.141122294467344
31.049999999972986,50.727587332670204,50.14904969185829
31.09999999997287,50.53540750781717,50.15311593418197
31.149999999972753,50.30785586517518,50.1552049249392
31.199999999972636,50.24473827135285,50.155848997585274
31.24999999997252,50.493438741619265,50.15809430305522
31.299999999972403,50.74246759800931,50.162629946630034
31.349999999972287,50.954144842868985,50.171275510857434
31.39999999997217,51.01931323478323,50.17874174243256
31.449999999972054,51.01111400631199,50.186281016238105
31.499999999971937,50.901446843761725,50.19541103061497
31.54999999997182,50.757159921179614,50.2009139831601
31.599999999971704,50.569248671501036,50.204806308948456
31.649999999971588,50.26362729486154,50.206927206846494
31.69999999997147,50.229363560066986,50.20688016204261
31.749999999971354,50.46934829299498,50.20846337383271
31.799999999971238,50.79336882066724,50.214098398126936
31.84999999997112,50.947482654881135,50.22027352068617
31.899999999971005,51.02122297602359,50.22729212583968
31.94999999997089,51.005515428413936,50.236772763919234
31.999999999970772,50.91969148873322,50.2431951104218
32.04999999997101,50.78071382244564,50.2484654315856
32.099999999971246,50.52749909959114,50.25299538118213
32.149999999971484,50.296283210475565,50.25409478711586
32.19999999997172,50.21749136488422,50.253660370515895
32.24999999997196,50.53506094760809,50.25547342965173
32.2999999999722,50.777332882916205,50.25947597672579
32.34999999997244,50.94050737452873,50.265154369236136
32.39999999997268,51.03327721229202,50.27404443210817
32.44999999997292,51.01734914905591,50.28080690011174
32.499999999973156,50.937944491732985,50.286979441876625
32.549999999973394,50.74935348815309,50.29342560790966
32.59999999997363,50.55697835499941,50.29639049886511
32.64999999997387,50.329233156563404,50.297386278707506
32.69999999997411,50.265860187311134,50.296585300548905
32.74999999997435,50.51437113005534,50.29775616686841
32.79999999997459,50.76321215955876,50.3012253218223
32.84999999997483,50.97464158764742,50.30846117167791
32.899999999975066,51.039626061717364,50.31487924805689
32.949999999975304,51.0312445657016,50.32137813138326
32.99999999997554,50.92133692131641,50.329132941973704
33.04999999997578,50.77687152453139,50.33361340862789
33.09999999997602,50.58878340210375,50.336490831464054
33.14999999997626,50.28292866146433,50.337270228244094
33.1999999999765,50.24849173498601,50.33622576556422
33.24999999997674,50.48830483028391,50.3368189645972
33.299999999976976,50.81209890111583,50.34114540011753
33.349999999977214,50.96604466981206,50.346347584632014
33.39999999997745,51.03961843349327,50.35240048292297
33.44999999997769,51.023691131763364,50.36060467150743
33.49999999997793,50.93770410100567,50.3660779844702
33.54999999997817,50.79856480706177,50.37040633314887
33.59999999997841,50.54513683441852,50.37369121639352
33.64999999997865,50.31376268143209,50.37386493057771
33.699999999978886,50.234813992075814,50.37251171689138
33.749999999979124,50.552176636825685,50.37311035328771
33.79999999997936,50.794294992592235,50.376210000056865
33.8499999999796,50.95731728273656,50.38099222419791
33.89999999997984,51.04988630752215,50.38869778469623
33.94999999998008,51.033809210425986,50.39457960562372
33.99999999998032,50.95425685652788,50.39987807311333
34.04999999998056,50.76547098367763,50.40516894986
34.099999999980795,50.572951227801376,50.407274920646266
34.149999999981034,50.34506270434639,50.4074181975082
34.19999999998127,50.28150063360789,50.405490451528614
34.24999999998151,50.52987123420511,50.405823609925285
34.29999999998175,50.77857318085542,50.40846132198647
34.34999999998199,50.9898191045258,50.41459824921387
34.39999999998223,51.05466739032691,50.4201993266879
34.44999999998247,51.046150928063334,50.42588732736633
34.499999999982705,50.93606521066459,50.432570399295216
34.549999999982944,50.79146765654151,50.43625408404014
34.59999999998318,50.603248562627186,50.43834069576925
34.64999999998342,50.29722101961903,50.43807489137662
34.69999999998366,50.26265584742504,50.43625338274468
34.7499999999839,50.502341847759524,50.43607536442522
34.79999999998414,50.82596823086575,50.43938250423856
34.84999999998438,50.97978954969159,50.443826908484276
34.899999999984615,51.05323998019446,50.44912771609067
34.949999999984854,51.03714995399755,50.456337896575825
34.99999999998509,50.95104215686451,50.46107223522799
35.04999999998533,50.8117831801852,50.46466716328788
35.09999999998557,50.55819729943004,50.466982722063285
35.14999999998581,50.32670595453838,50.4664358185062
35.19999999998605,50.247641124843014,50.46436740793798
35.24999999998629,50.5648505352805,50.46402081311755
35.299999999986525,50.80685516781398,50.46641775945307
35.349999999986764,50.969764755166864,50.470502574185325
35.399999999987,51.062185081103415,50.47728641966581
35.44999999998724,51.04599762677979,50.48248302812701
35.49999999998748,50.9663359058926,50.48710144727738
35.54999999998772,50.77740573541502,50.49149356120408
35.59999999998796,50.58477888868916,50.49293138786999
35.6499999999882,50.35678423531365,50.4924115607175
35.699999999988435,50.2930821379012,50.489607452900145
35.749999999988674,50.54134881734766,50.48928912542063
35.79999999998891,50.789947775334504,50.49128027050803
35.84999999998915,51.00105781687166,50.4965626981868
35.89999999998939,51.06580525740341,50.50152854725084
35.94999999998963,51.05718885475779,50.50658611997753
35.99999999998987,50.9469712770955,50.512436028218126
36.049999999990106,50.80227586254385,50.51550035037237
36.099999999990345,50.61395978630522,50.51697228422714
36.149999999990584,50.30780428586303,50.51589413758788
36.19999999999082,50.27314414973526,50.51346874947936
36.24999999999106,50.51273603824991,50.51269142330379
36.2999999999913,50.83623825123478,50.51520653965387
36.34999999999154,50.989967416890536,50.51906217358734
36.39999999999178,51.0633265211162,50.52377867199692
36.449999999992016,51.04711600001287,50.530216656658745
36.499999999992255,50.96091877727983,50.53437696878569
36.549999999992494,50.821571177418846,50.53740222346725
36.59999999999273,50.56786836819241,50.53896493418941
36.64999999999297,50.33629024453962,50.537858390909406
36.69999999999321,50.25713941475128,50.53523458827978
36.74999999999345,50.57423535759246,50.53415402434281
36.79999999999369,50.81615577986194,50.536005368988846
36.849999999993926,50.97898191257178,50.539548726638515
36.899999999994165,51.07129212935125,50.54561702390937
36.949999999994404,51.05502295723779,50.55028172798789
36.99999999999464,50.97528025181671,50.55437228668717
37.04999999999488,50.786243231217455,50.5580668258561
37.09999999999512,50.59353708540313,50.558986112591235
37.14999999999536,50.365463844492034,50.55795169109295
37.1999999999956,50.30165805953164,50.55446754486467
37.249999999995836,50.54984778700176,50.55364371675562
37.299999999996075,50.79837048350443,50.55513321073093
37.349999999996314,51.00937990646081,50.55975270936992
37.39999999999655,51.07405267265798,50.56422577949478
37.44999999999679,51.0653622657326,50.56879432896249
37.49999999999703,50.95504704762074,50.5739980004714
37.54999999999727,50.81027916896212,50.5765819551442
37.59999999999751,50.6218912788389,50.57757718554295
37.649999999997746,50.315641027930944,50.575869087116956
37.699999999997985,50.280910572505,50.57297543997191
37.749999999998224,50.52043277269844,50.57173342926591
37.79999999999846,50.84384303966297,50.57363448090215
37.8499999999987,50.99750396734683,50.57703366829536
37.89999999999894,51.070795445901766,50.58129720724076
37.94999999999918,51.05449570021692,50.58713662567567
37.99999999999942,50.96823225923469,50.59085201472139
38.049999999999656,50.82881903530267,50.593435748011885
38.099999999999895,50.57502964238376,50.59441501149304
38.150000000000134,50.3433872604243,50.5928747863152
38.20000000000037,50.264172748920814,50.58982062009168
38.25000000000061,50.58118467079298,50.58817135728622
38.30000000000085,50.823042736687476,50.58959998555671
38.35000000000109,50.985807072547786,50.59272386370464
38.40000000000133,51.07803575522963,50.59823784856004
38.450000000001566,51.061706072379096,50.60249053259448
38.500000000001805,50.98190339918541,50.60617222860671
38.55000000000204,50.79278725775293,50.6093264883977
38.60000000000228,50.60002239221181,50.60984418855811
38.65000000000252,50.37189095846762,50.60841126019678
38.70000000000276,50.30800839451007,50.60440052253018
38.750000000003,50.55614114025297,50.60318528464361
38.80000000000324,50.80460736632699,50.60428637273803
38.850000000003476,51.015542282808106,50.6083926309153
38.900000000003715,51.08015975383593,50.612484217441455
38.95000000000395,51.07141454790626,50.61667421318205
39.00000000000419,50.961027028578386,50.62137766619841
39.05000000000443,50.81620549138917,50.62358981875324
39.10000000000467,50.62776442421481,50.62421610463099
39.15000000000491,50.321444012078366,50.62202048845412
39.20000000000515,50.28666148631899,50.618764481763115
39.250000000005386,50.52613208340752,50.6171628985452
39.300000000005625,50.84947426579125,50.618588819552265
39.35000000000586,51.00308466433102,50.62163485672386
39.4000000000061,51.07632606714124,50.6255479635924
39.45000000000634,51.05996025205821,50.63092433233853
39.50000000000658,50.97364777750477,50.63429555277453
39.55000000000682,50.8341859599811,50.63653776834721
39.60000000000706,50.58033245320079,50.63706576417172
39.650000000007296,50.348642488976694,50.6351901296955
39.700000000007535,50.26938082216551,50.63180313941252
39.75000000000777,50.58633052783265,50.629714099185016
39.80000000000801,50.828142419813,50.630815860458924
39.85000000000825,50.990860996078936,50.633615392760305
39.90000000000849,51.08302930404485,50.63870080558241
39.95000000000873,51.066654813945966,50.64263495308509
40.00000000000897,50.98680773556059,50.64600057115574
40.050000000009206,50.797633006396495,50.64873718625213
40.100000000009445,50.60482465982197,50.64894447356509
40.15000000000968,50.37665013520085,50.64720352988129
40.20000000000992,50.31271071760443,50.642785803451744
40.25000000001016,50.560801269275245,50.64126807456426
40.3000000000104,50.80922567988573,50.64206900957852
40.35000000001064,51.02010542549466,50.64577867001086
40.40000000001088,51.08468195131995,50.64957549037615
40.450000000011116,51.07589616759016,50.6534729997004
40.500000000011354,50.96545511034989,50.65778998742299
40.55000000001159,50.820593839863385,50.659714906372606
40.60000000001183,50.63211339591968,50.660056181609114
40.65000000001207,50.325741030497916,50.65748398022588
40.70000000001231,50.29091994747624,50.65394808481611
40.75000000001255,50.530352333277825,50.65206878042687
40.80000000001279,50.853644100101164,50.65312775001369
40.850000000013026,51.00721708260508,50.65590106019417
40.900000000013264,51.08042140511455,50.659543553535556
40.9500000000135,51.064006666682126,50.66456236427094
41.00000000001374,50.97765788354101,50.66766784069251
41.05000000001398,50.838160083227606,50.66964637293387
41.10000000001422,50.584259101142116,50.66982596957024
41.15000000001446,50.352533903000015,50.66769139961266
41.2000000000147,50.273237318425736,50.664047483023516
41.250000000014936,50.590140953972366,50.66161897350114
41.300000000015174,50.83191865489608,50.662468437592125
41.35000000001541,50.99460334690265,50.66501763162169
41.40000000001565,51.08672694834176,50.66977228164102
41.45000000001589,51.070319279180765,50.67346060413721
41.50000000001613,50.99043931944989,50.67658230706367
41.55000000001637,50.801221206992736,50.67899664784971
41.60000000001661,50.60838066339738,50.67896442022893
41.650000000016846,50.38017423066016,50.67698582361231
41.700000000017084,50.31619271383907,50.67225409864261
41.75000000001732,50.56425202146366,50.67050300671644
41.80000000001756,50.81264546838158,50.671072393991615
41.8500000000178,51.02348436082808,50.67447612408774
41.90000000001804,51.088030567375384,50.67804557896726
41.95000000001828,51.0792147364233,50.68171749253737
42.00000000001852,50.96873403520163,50.68573641559863
42.050000000018755,50.82384334283389,50.68743981602041
42.100000000018994,50.63533374101229,50.68756129799991
42.15000000001923,50.3289229050005,50.684698700021976
42.20000000001947,50.29407327093301,50.68094698610779
42.25000000001971,50.53347736187807,50.6788535451057
42.30000000001995,50.85673179677251,50.67962959336314
42.35000000002019,51.01027707329082,50.68219264170386
42.40000000002043,51.08345393842125,50.68562651277424
42.450000000020665,51.067002973018674,50.690369689339754
42.500000000020904,50.9806273039399,50.693270320720266
42.55000000002114,50.84110285893706,50.69504560619845
42.60000000002138,50.587166722135365,50.694956672305096
42.65000000002162,50.355415433831595,50.69262253765083
42.70000000002186,50.27609299320336,50.68878061435993
42.7500000000221,50.59296251455091,50.68609049890838
42.80000000002234,50.83471489753538,50.68674554552491
42.850000000022575,50.99737449878125,50.68910184077642
42.900000000022814,51.08946499574095,50.69360163480283
42.95000000002305,51.07303275800671,50.697100557179134
43.00000000002329,50.99312845015707,50.70003434034504
43.05000000002353,50.80387821305428,50.70220040468332
43.10000000002377,50.61101382807179,50.70198366760805
43.15000000002401,50.38278376787685,50.69982200449813
43.20000000002425,50.31877107724256,50.69484841640795
43.250000000024485,50.56680724914271,50.69291758210753
43.300000000024724,50.81517776793368,50.6933086334885
43.35000000002496,51.025986409256454,50.696476751649016
43.4000000000252,51.09051016485566,50.69987111068074
43.45000000002544,51.08167208440844,50.703369299297364
43.50000000002568,50.97116202744254,50.707158703445316
43.55000000002592,50.82624954863488,50.70869153695205
43.60000000002616,50.63771835586366,50.708643788199495
43.650000000026395,50.33127903298553,50.70555761005425
43.700000000026634,50.29640825731802,50.70163974345462
43.75000000002687,50.53579139636721,50.69938145209255
43.80000000002711,50.859018187555904,50.69993970844717
43.85000000002735,51.012542948227996,50.70234090645131
43.90000000002759,51.08569948160143,50.70561419648674
43.95000000002783,51.06922169069769,50.71014522263772
44.000000000028066,50.98282611300528,50.7128881969056
44.050000000028305,50.84328193802934,50.71450706236292
44.100000000028544,50.58931976971364,50.714211476384904
44.15000000002878,50.35754916205581,50.71172377140776
44.20000000002902,50.27820757542661,50.70772948347064
44.25000000002926,50.59505183574672,50.70483807463809
44.3000000000295,50.83678547119568,50.70534353391435
44.35000000002974,50.9994264931282,50.70755141686302
44.400000000029976,51.09149247674199,50.71185514003446
44.450000000030215,51.075042046365986,50.715208356810706
44.500000000030454,50.99511970911765,50.71799757953225
44.55000000003069,50.80584568422042,50.71997266273061
44.60000000003093,50.61296364506604,50.719614003056975
44.65000000003117,50.38471608911057,50.71731153336215
44.70000000003141,50.320680314758285,50.71215192432289
44.75000000003165,50.56869935501866,50.710082854131635
44.800000000031886,50.817052895892516,50.71033675721489
44.850000000032125,51.02783913673433,50.71332368830146
44.900000000032364,51.09234626775985,50.71658340424186
44.9500000000326,51.0834917119117,50.71994800964467
45.00000000003284,50.972959917479265,50.72356093741009
45.05000000003308,50.82803130615575,50.72496262904629
45.10000000003332,50.63948412562619,50.72478477127292
45.15000000003356,50.3330237086719,50.72152670731021
45.200000000033796,50.29813727798235,50.71748111075572
45.250000000034035,50.53750490248243,50.71509609593218
45.300000000034274,50.86071122394216,50.71548693989221
45.35000000003451,51.01422079295305,50.71776373277134
45.40000000003475,51.087362270980464,50.72091359847419
45.45000000003499,51.07086461621535,50.72528157142415
45.50000000003523,50.98445429650791,50.727903380477215
45.55000000003547,50.84489551179744,50.72940203645085
45.600000000035706,50.59091406755537,50.72894764507904
45.650000000035945,50.35912915421996,50.72634193199181
45.700000000036184,50.279773390278415,50.72223056723874
45.75000000003642,50.596598945205315,50.719184492208065
45.80000000003666,50.83831869839933,50.71957501973695
45.8500000000369,51.000945962642746,50.72166887840471
45.90000000003714,51.09299379450973,50.72582196867024
45.95000000003738,51.07652989276887,50.72906325133366
46.000000000037616,50.99659420503458,50.73174142417582
46.050000000037855,50.80730256565001,50.73356980450001
46.100000000038094,50.61440745385922,50.73310213158529
46.15000000003833,50.38614694256847,50.73069151023013
46.20000000003857,50.32209407508637,50.725389027667184
46.25000000003881,50.570100429637144,50.72321379026179
46.30000000003905,50.818441398630625,50.72336236562526
46.35000000003929,51.029211052268884,50.72621015437446
46.400000000039526,51.09370587305928,50.72936647615456
46.450000000039765,51.08483911743607,50.73262850535767
46.500000000040004,50.97429122675184,50.736105926264116
46.55000000004024,50.82935066955428,50.7374069256472
46.60000000004048,50.64079165034133,50.73712917258687
46.65000000004072,50.33431561355569,50.73373914393246
46.70000000004096,50.29941759056873,50.729595487667694
46.7500000000412,50.53877372678941,50.7271131896318
46.800000000041436,50.86196489073703,50.727375520095165
46.850000000041675,51.01546321056191,50.72955681818162
46.90000000004191,51.088593540342586,50.732611945634936
46.95000000004215,51.07208117670079,50.73685476759306
47.00000000004239,50.98565994076327,50.73938358084272
47.05000000004263,50.84609033777434,50.740789978102306
47.10000000004287,50.59209462001221,50.74021371178003
47.15000000004311,50.36029911354773,50.73751743760605
47.200000000043346,50.28093285152955,50.733316229890626
47.250000000043585,50.597744555407225,50.73015147165998
47.30000000004382,50.839454029009964,50.730453810161634
47.35000000004406,51.00207110590116,50.73246017943852
47.4000000000443,51.09410549668536,50.736497696083426
47.45000000004454,51.077631619610855,50.7396531006981
47.50000000004478,50.99768604605187,50.742246077105136
47.55000000004502,50.80838136341667,50.74396191328498
47.600000000045256,50.6154765715444,50.74341061375671
47.650000000045495,50.387206467031795,50.74091702983287
47.70000000004573,50.323140942356105,50.735504954516465
47.75000000004597,50.5711379033386,50.73324828388964
47.80000000004621,50.81946956305255,50.73331607295065
47.85000000004645,51.03022693412767,50.736057144220254
47.90000000004669,51.094712639382706,50.73913416959151
47.95000000004693,51.08583685001809,50.742317532610926
48.000000000047166,50.975277040312754,50.7456910371149
48.050000000047405,50.83032763738349,50.74691482174998
48.10000000004764,50.64175985181182,50.74656046789445
48.15000000004788,50.335272248786936,50.74306925159125
48.20000000004812,50.300365641886216,50.73885040848042
48.25000000004836,50.53971327121682,50.73629352169004
48.3000000000486,50.86289321126532,50.73645732276224
48.35000000004884,51.01638320124504,50.73856540950431
48.400000000049076,51.089505275924466,50.74154790824469
48.450000000049315,51.07298202059103,50.7456947903558
48.50000000004955,50.98655270135695,50.74815231668787
48.55000000004979,50.846975087603106,50.74948799459242
48.60000000005003,50.592968800524034,50.748818310992604
48.65000000005027,50.36116545001422,50.74605262454577
48.70000000005051,50.28179141433553,50.74178255743274
48.75000000005075,50.59859286172927,50.73852683921546
48.800000000050986,50.84029472345648,50.73876159156792
48.850000000051224,51.002904256773704,50.740700913255786
48.90000000005146,51.09492869464766,50.744649863580726
48.9500000000517,51.078447430995624,50.747739460878805
49.00000000005194,50.99849453713906,50.750267154577394
49.05000000005218,50.80918019618208,50.75189675609331
49.10000000005242,50.61626823636183,50.75128138198964
49.15000000005266,50.38799102821944,50.74872423450062
49.200000000052896,50.32391613109113,50.743228195739526
49.250000000053134,50.571906136284184,50.74090913835719
49.30000000005337,50.820230902623166,50.74091503842036
49.35000000005361,51.03097917865361,50.74357435856269
49.40000000005385,51.09545813399821,50.74659064121822
49.45000000005409,51.086575655290275,50.749713746363845
49.50000000005433,50.97600701973744,50.75300765465323
49.55000000005457,50.831051066683095,50.75417229794529
49.600000000054806,50.642476789760785,50.75375927500144
49.650000000055044,50.33598062211778,50.75019056145163
49.70000000005528,50.30106765896404,50.74591413678884
49.75000000005552,50.540408989076454,50.74330012843436
49.80000000005576,50.86358061800432,50.74338847670712
49.850000000056,51.017064439864804,50.74544050116527
49.90000000005624,51.090180401771704,50.748367385655165
49.95000000005648,51.07364908131203,50.752440806281825
50.000000000056716,50.987213776524094,50.754843750107355
50.050000000056954,50.84763023092494,50.756125281889055
50.10000000005719,50.59361611743305,50.75538407634183
50.15000000005743,50.36180695853113,50.7525652486819
50.20000000005767,50.2824271665792,50.74824246538685
50.25000000005791,50.59922101920802,50.74491711430174
50.30000000005815,50.84091724446121,50.74510012923236
50.35000000005839,51.00352119188065,50.74698812746659
50.400000000058625,51.09553825978125,50.75086928483366
50.450000000058864,51.079051526484804,50.75390851195632
50.5000000000591,50.9990932120631,50.756386238667346
50.55000000005934,50.80977171927087,50.75794983922141
50.60000000005958,50.616854451697975,50.75728542657742
50.65000000005982,50.38857198342954,50.75467963323109
50.70000000006006,50.3244901461476,50.749119338814744
50.7500000000603,50.57247500068806,50.74675253982617
50.800000000060535,50.82079466259139,50.7467110807299
50.850000000060774,51.03153620388441,50.749307845028085
50.90000000006101,51.09601016102658,50.75227764919801
50.95000000006125,51.08712272896522,50.75535464833056
51.00000000006149,50.97654755801121,50.75858765625559
51.05000000006173,50.831586754692346,50.7597070512347
51.10000000006197,50.64300767102707,50.75924914273154
51.15000000006221,50.336505161419176,50.75562114110098
51.200000000062445,50.30158749156012,50.751300666193735
51.250000000062684,50.54092415720061,50.748642960878584
51.30000000006292,50.86408963187447,50.74867359126481
51.35000000006316,51.01756888633975,50.750682732265616
51.4000000000634,51.09068032183482,50.75356707735488
51.45000000006364,51.074143029276115,50.757584309278926
51.50000000006388,50.98770329227977,50.75994550595499
51.55000000006412,50.848115354242516,50.76118562565358
51.600000000064355,50.594095445415114,50.76038972062942
51.650000000064594,50.36228198549027,50.757530252430776
51.70000000006483,50.28289793110861,50.75316715490379
51.75000000006507,50.599686159933555,50.74978855463496
51.80000000006531,50.84137821146646,50.749932006702984
51.85000000006555,51.00397802261652,50.751780759846824
51.90000000006579,51.09598963316785,50.755610080390895
51.95000000006603,51.07949884968581,50.75861079413582
52.000000000066265,50.99953652142095,50.76105031692611
52.050000000066504,50.81020973280729,50.7625634560604
52.10000000006674,50.617288534927106,50.76186155205701
52.15000000006698,50.38900217161814,50.759218568706906
52.20000000006722,50.32491519526167,50.75360915226689
52.25000000006746,50.57289623582494,50.75120585717721
52.3000000000677,50.82121211797401,50.75112819544256
52.350000000067936,51.031948672299976,50.75367714203267
52.400000000068175,51.09641892835191,50.75661141928854
52.450000000068414,51.0875278284103,50.759653177280065
52.50000000006865,50.97694781809461,50.762839637635366
52.55000000006889,50.8319834232312,50.7639244494876
52.60000000006913,50.64340078024841,50.763432236139046
52.65000000006937,50.33689357451534,50.75975892378037
52.70000000006961,50.30197241941508,50.75540478478811
52.750000000069846,50.54130563108754,50.75271368637099
52.800000000070085,50.864466548633175,50.75270021043228
52.850000000070324,51.01794242101421,50.75467658228264
52.90000000007056,51.091050504772554,50.75752842209431
52.9500000000708,51.07450878996853,50.7615027204949
53.00000000007104,50.98806577099162,50.76383201946973
53.05000000007128,50.848474580423094,50.765040498413235
53.10000000007152,50.59445038024098,50.76420280188098
53.150000000071756,50.36263373547636,50.761312284551174
53.200000000071995,50.28324652483257,50.756918388091385
53.250000000072234,50.600030589319275,50.753499108338694
53.30000000007247,50.841719550278,50.753612337557456
53.35000000007271,51.00431629858569,50.75543111147689
53.40000000007295,51.096323868055784,50.75922083534511
53.45000000007319,51.07983008547508,50.76219213081045
53.50000000007343,50.99986478502254,50.76460247254247
53.550000000073666,50.81053407493647,50.76607706934797
53.600000000073905,50.6176099667256,50.765346530483875
53.650000000074144,50.38932071920043,50.76267514325649
53.70000000007438,50.32522993744016,50.75702821111001
53.75000000007462,50.57320815381337,50.75459704397491
53.80000000007486,50.8215212371139,50.754491735101816
53.8500000000751,51.03225409866926,50.7570041656006
53.90000000007534,51.09672161412214,50.75991131355609
53.950000000075576,51.087827798172945,50.762926161235114
54.000000000075815,50.977244204386096,50.76607707880637
54.050000000076054,50.83227715004049,50.76713548455284
54.10000000007629,50.64369187143912,50.76661707832066
54.15000000007653,50.337181188299255,50.76290917085897
54.20000000007677,50.30225745243275,50.75852932991178
54.25000000007701,50.54158810649624,50.755812737145575
54.30000000007725,50.86474564956016,50.755765588822996
54.350000000077486,51.018219017561044,50.75771694431921
54.400000000077725,51.091324619411104,50.760543969911986
54.450000000077964,51.074779630004016,50.76448549433333
54.5000000000782,50.98833418077215,50.766790444486
54.55000000007844,50.84874058175542,50.767974771413954
54.60000000007868,50.59471320389268,50.76710517562358
54.65000000007892,50.36289420080435,50.76419095940378
54.70000000007916,50.28350465299814,50.7597735556703
54.750000000079396,50.60028563385792,50.75632322831205
54.800000000079635,50.84197230629511,50.75641339143019
54.85000000007987,51.00456678661624,50.758209285809876
54.90000000008011,51.09657136372928,50.76196879125578
54.95000000008035,51.08007536036321,50.764917636712525
55.00000000008059,51.00010785905247,50.767305710072776
55.05000000008083,50.810774245177804,50.768750895753904
55.10000000008107,50.617847981912874,50.76799850670996
55.150000000081306,50.38955659867099,50.76530544614352
55.200000000081545,50.32546299906911,50.759629888854455
55.25000000008178,50.57343912417403,50.75717745552796
55.30000000008202,50.82175013497128,50.757051052633045
55.35000000008226,51.032480262088136,50.75953562320943
55.4000000000825,51.09694574817055,50.762422073533884
55.45000000008274,51.08804992106048,50.76541639120183
55.50000000008298,50.97746367376965,50.76854019384976
55.550000000083216,50.832494650119344,50.76957845549916
55.600000000083455,50.64390741988388,50.76904006835872
55.65000000008369,50.33739416177904,50.76530577127831
55.70000000008393,50.30246851489574,50.760906325133014
55.75000000008417,50.54179727509006,50.75817028604186
55.80000000008441,50.86495231940339,50.75809745422385
55.85000000008465,51.0184238329502,50.76002972916738
55.90000000008489,51.09152759698624,50.76283782887744
55.950000000085126,51.07498018278714,50.76675435724543
56.000000000085365,50.98853293398973,50.76904073760889
56.0500000000856,50.84893755155502,50.77020664532409
56.10000000008584,50.594907820669796,50.76931272272844
56.15000000008608,50.36308707127986,50.76638043396315
56.20000000008632,50.28369579284166,50.76194510427392
56.25000000008656,50.600474490324245,50.758471101639294
56.3000000000868,50.842159468147265,50.75854367628875
56.350000000087036,51.004752269060035,50.76032212490687
56.400000000087275,51.09675463037979,50.764058589348714
56.45000000008751,51.080256982557124,50.7669903175905
56.50000000008775,51.00028785154554,50.7693614126617
56.55000000008799,50.810952087461125,50.77078417480526
56.60000000008823,50.61802422841259,50.770015127311986
56.65000000008847,50.38973126370611,50.767305543539756
56.70000000008871,50.32563557753688,50.76160816381296
56.750000000088946,50.573610154090545,50.75913951864109
56.800000000089184,50.82191963023174,50.75899703555823
56.85000000008942,51.032647732539914,50.761460368858
56.90000000008966,51.09711171590544,50.764331042097396
56.9500000000899,51.08821439956242,50.767309710845396
57.00000000009014,50.977626187393646,50.77041284585603
57.05000000009038,50.8326557055042,50.77143575364688
57.10000000009062,50.64406703011443,50.77088213741209
57.150000000090856,50.337551865288546,50.76712772721809
57.200000000091094,50.30262480332741,50.762713339208844
57.25000000009133,50.54195216114141,50.759962479706054
57.30000000009157,50.865105355169256,50.759870074578316
57.35000000009181,51.01857549552199,50.76178780871468
57.40000000009205,51.09167789868568,50.764581485844786
57.45000000009229,51.07512868896627,50.76847896637262
57.50000000009253,50.988680107618904,50.77075119633448
57.550000000092766,50.849083404591234,50.77190306873468
57.600000000093004,50.5950519313299,50.77099060980982
57.65000000009324,50.36322988883112,50.7680445506764
57.70000000009348,50.28383732888719,50.76359556264738
57.75000000009372,50.6006143355649,50.7601035216018
57.80000000009396,50.8422980585528,50.7601626958165
57.8500000000942,51.004889615890114,50.76192785305015
57.90000000009444,51.09689033644981,50.765646763763144
57.950000000094676,51.080391470932916,50.7685654516684
58.000000000094914,51.00042113315351,50.77092361255347
58.05000000009515,50.811083776872614,50.772329292761455
58.10000000009539,50.618154736171434,50.77154755545288
58.15000000009563,50.38986060041532,50.76882538519194
58.20000000009587,50.325763369175796,50.76311138277241
58.25000000009611,50.57373679905164,50.760630388980886
58.30000000009635,50.82204513880418,50.760475657855366
58.350000000096585,51.03277174177341,50.76292281548441
58.400000000096824,51.09723461240073,50.765781472219196
58.45000000009706,51.08833619330414,50.76874822236222
58.5000000000973,50.97774652617419,50.77183561682439
58.55000000009754,50.83277496448162,50.77284683138371
58.60000000009778,50.644185218977825,50.772281617210055
58.65000000009802,50.337668642255025,50.76851189000295
58.70000000009826,50.30274053245101,50.76408612342577
58.750000000098495,50.54206685182446,50.76132397810928
58.800000000098734,50.86521867574503,50.76121666822159
58.85000000009897,51.01868779926919,50.76312333007056
58.90000000009921,51.09178919472832,50.76590602519587
58.95000000009945,51.07523865545436,50.76978900223153
59.00000000009969,50.988789087374734,50.77205045802407
59.05000000009993,50.849191406468776,50.77319164413095
59.10000000010017,50.595158643005355,50.77226507228545
59.150000000100405,50.36333564297984,50.769308529153164
59.200000000100644,50.283942134101075,50.76484914265807
59.25000000010088,50.60071788876439,50.76134336884879
59.30000000010112,50.84240068256664,50.761392341496794
59.35000000010136,51.00499131905591,50.763147380415056
59.4000000001016,51.09699082465862,50.76685292838104
59.45000000010184,51.08049105745831,50.769761689617354
59.50000000010208,51.00051982608631,50.77211000486341
59.550000000102315,50.811181290808996,50.77350268246806
59.600000000102554,50.61825137511263,50.772711286052434
59.65000000010279,50.38995637221268,50.769979535551585
59.70000000010303,50.325857996872934,50.76425288105966
59.75000000010327,50.5738305776519,50.76176248858059
59.80000000010351,50.822138075926524,50.76159843552889
59.85000000010375,51.03286356865887,50.7640332822573
59.90000000010399,51.09732561532107,50.76688279377004
59.950000000104225,51.08842637965281,50.76984047340219
60.000000000104464,50.977835635147,50.77291588902324
60.0500000001047,50.832863273877216,50.77391820505552
60.10000000010494,50.64427273597083,50.77334416506992
60.15000000010518,50.33775511376059,50.76956278220949
60.20000000010542,50.30282622804543,50.76512835720852
60.25000000010566,50.54215177846999,50.762357624239975
60.300000000105896,50.86530258784768,50.76223897324929
60.350000000106135,51.018770958426266,50.76413721036006
60.400000000106374,51.091871607696035,50.76691154962687
60.45000000010661,51.07532008390787,50.77078349170061
60.50000000010685,50.988869785168525,50.77303675019243
60.55000000010709,50.84927138015909,50.77416980603627
60.60000000010733,50.595237661321335,50.77323249718289
60.65000000010757,50.36341395226233,50.77026797810442
60.700000000107806,50.28401974071226,50.76580068090748
60.750000000108045,50.60079456827862,50.76228446007376
60.800000000108284,50.84247667403352,50.762325672208
60.85000000010852,51.00506662864931,50.76407301411093
60.90000000010876,51.09706523459549,50.767768397276136
60.950000000109,51.08056479971281,50.77066960766562
61.00000000010924,51.00059290664957,50.773010433863575
61.05000000010948,50.811253498343966,50.77439322133665
61.100000000109716,50.61832293472744,50.77359447812824
61.150000000109955,50.39002728972114,50.77085544097863
61.200000000110194,50.32592806719319,50.765119163669794
61.25000000011043,50.573900019229285,50.762621622987666
61.30000000011067,50.82220689440276,50.762450480266025
61.35000000011091,51.03293156502215,50.76487596433241
61.40000000011115,51.097393001551154,50.767718520912204
61.45000000011139,51.088493161224434,50.770669302576295
61.500000000111626,50.97790161893876,50.77373560872009
61.550000000111865,50.83292866559463,50.77473115791086
61.600000000112104,50.6443375409266,50.77415040652194
61.65000000011234,50.33781914454936,50.77036016058358
61.70000000011258,50.30288968428419,50.765919151791074
61.75000000011282,50.542214665314205,50.763141888982986
61.80000000011306,50.86536472343887,50.76301461470815
61.8500000001133,51.01883253647313,50.76490644616958
61.900000000113536,51.09193263320142,50.76767443229225
61.950000000113775,51.07538038039598,50.771537984445196
62.000000000114014,50.98892954061462,50.77378501065226
62.05000000011425,50.849330599417954,50.774911885308114
62.10000000011449,50.59529617314054,50.773966413637496
62.15000000011473,50.3634719390534,50.770995830987985
62.20000000011497,50.284077207186286,50.766522519945745
62.25000000011521,50.60085134825194,50.762998357304646
62.300000000115446,50.8425329445186,50.76303367005412
62.350000000115685,51.00512239421781,50.764775160963374
62.400000000115924,51.09712033398249,50.76846281739915
62.45000000011616,51.08061940469152,50.771358288182924
62.5000000001164,51.000647021656334,50.773693421867065
62.55000000011664,50.81130696688702,50.775068691914264
62.60000000011688,50.618375923495805,50.77426436458904
62.65000000011712,50.39007980301985,50.771519789149814
62.700000000117356,50.32597995316236,50.76577619809766
62.750000000117595,50.573951439624246,50.763273224611424
62.800000000117834,50.82225785340113,50.7630966936818
62.85000000011807,51.03298191525883,50.765515062215826
62.90000000011831,51.097442899993794,50.76835233323904
62.95000000011855,51.088542611927004,50.77129787274433
63.00000000011879,50.9779504788979,50.77435725624057
63.05000000011903,50.832977087132036,50.77534766316519
63.100000000119266,50.64438552797624,50.774761811741435
63.150000000119505,50.33786655834054,50.77096483085583
63.20000000011974,50.30293667263015,50.76651881923576
63.25000000011998,50.54226123203248,50.76373659469597
63.30000000012022,50.8654107338661,50.76360276812762
63.35000000012046,51.01887813404755,50.76548973245072
63.4000000001207,51.09197782162758,50.768252891425675
63.45000000012094,51.075425028996335,50.772110069026596
63.500000000121176,50.98897378858188,50.77435236013496
63.550000000121415,50.849374450347,50.77547453860696
63.60000000012165,50.595339500221655,50.77452286534428
63.65000000012189,50.36351487735945,50.77154767608333
63.70000000012213,50.284119760205755,50.76706979629732
63.75000000012237,50.60089339292845,50.76353960036998
63.80000000012261,50.84257461192709,50.76357043153749
63.85000000012285,51.00516368774351,50.76530747771319
63.900000000123086,51.09716113421128,50.76898926463837
63.950000000123325,51.08065983881875,50.771880375504004
64.00000000012356,51.00068709296705,50.77421118512632
64.0500000001238,50.81134655950153,50.77558074502911
64.10000000012404,50.61841516084472,50.77477217617359
64.15000000012428,50.39011868829097,50.77202339409475
64.20000000012452,50.32601837390583,50.7662742479725
64.25000000012476,50.57398951561735,50.763767148155225
64.300000000125,50.82229558773732,50.76358652484534
64.35000000012523,51.03301919881657,50.76599948920611
64.40000000012547,51.09747984900516,50.76883274599397
64.45000000012571,51.08857922939389,50.77177430429984
64.50000000012595,50.97798665892859,50.774828430453674
64.55000000012619,50.83301294251834,50.775814932217834
64.60000000012643,50.6444210616312,50.775225207779144
64.65000000012667,50.337901667506614,50.77142311242446
64.7000000001269,50.30297146676073,50.76697330177868
64.75000000012714,50.54229571395438,50.764187309492044
64.80000000012738,50.86544480386324,50.76404850747606
64.85000000012762,51.018911898333684,50.76593177604653
64.90000000012786,51.092011282945855,50.76869126970423
64.9500000001281,51.07545809058209,50.77254360712995
